Symbol,Series,Date,Prev Close,Open Price,High Price,Low Price,Last Price,Close Price,Average Price,Total Traded Quantity,Turnover in Lacs,No. of Trades,Deliverable Qty,% Dly Qt to Traded Qty
AHLEAST,EQ,2014-12-03,176.55,178.00,190.00,178.00,183.00,183.15,183.87,3679,6.76,83,2338,63.55
AHLEAST,EQ,2014-12-04,183.15,185.80,186.90,183.05,186.90,186.35,186.42,484,0.90,22,351,72.52
AHLEAST,EQ,2014-12-05,186.35,186.35,200.00,183.30,200.00,194.45,192.14,3826,7.35,100,3377,88.26
AHLEAST,EQ,2014-12-08,194.45,200.00,200.00,185.00,185.00,185.00,188.46,798,1.50,43,504,63.16
AHLEAST,EQ,2014-12-09,185.00,185.00,185.00,180.15,181.00,181.00,181.65,423,0.77,24,364,86.05
AHLEAST,EQ,2014-12-10,181.00,180.35,185.50,179.90,183.00,183.05,181.51,1244,2.26,17,825,66.32
AHLEAST,EQ,2014-12-11,183.05,185.95,185.95,178.20,181.00,181.00,181.36,1087,1.97,34,1056,97.15
AHLEAST,EQ,2014-12-12,181.00,180.15,180.20,170.70,170.70,172.90,178.94,1238,2.22,46,1098,88.69
AHLEAST,EQ,2014-12-15,172.90,172.50,178.90,171.00,174.00,173.35,173.34,2824,4.90,68,1560,55.24
AHLEAST,EQ,2014-12-16,173.35,174.00,174.00,164.00,165.25,165.50,168.35,1759,2.96,55,1387,78.85
AHLEAST,EQ,2014-12-17,165.50,170.80,170.80,168.00,168.10,168.25,168.16,326,0.55,17,245,75.15
AHLEAST,EQ,2014-12-18,168.25,168.10,177.05,168.10,171.60,171.80,171.06,881,1.51,30,534,60.61
AHLEAST,EQ,2014-12-19,171.80,171.90,174.00,170.00,174.00,174.00,171.71,200,0.34,7,166,83.00
AHLEAST,EQ,2014-12-22,174.00,183.70,183.70,170.10,174.00,174.85,172.60,72,0.12,13,27,37.50
AHLEAST,EQ,2014-12-23,174.85,177.00,178.00,170.05,171.10,171.10,174.09,1651,2.87,27,1523,92.25
AHLEAST,EQ,2014-12-24,171.10,168.50,171.50,167.00,167.00,167.95,169.66,245,0.42,18,216,88.16
AHLEAST,EQ,2014-12-26,167.95,168.10,170.00,167.00,167.00,167.90,168.15,188,0.32,10,152,80.85
AHLEAST,EQ,2014-12-29,167.90,167.55,170.50,167.50,169.80,169.80,169.32,751,1.27,31,417,55.53
AHLEAST,EQ,2014-12-30,169.80,169.80,179.50,168.00,176.00,175.00,172.05,3735,6.43,49,3335,89.29
AHLEAST,EQ,2014-12-31,175.00,173.10,182.00,168.45,180.00,179.65,177.22,2091,3.71,123,1580,75.56
AHLEAST,EQ,2015-01-01,179.65,175.55,182.00,174.05,182.00,177.70,176.89,1600,2.83,35,1000,62.50
AHLEAST,EQ,2015-01-02,177.70,180.00,183.90,175.40,176.20,179.25,178.61,3190,5.70,43,3036,95.17
AHLEAST,EQ,2015-01-05,179.25,185.00,195.00,184.00,184.00,187.50,191.10,1508,2.88,48,802,53.18
AHLEAST,EQ,2015-01-06,187.50,185.00,185.00,175.40,179.00,179.80,180.45,1648,2.97,111,1035,62.80
AHLEAST,EQ,2015-01-07,179.80,184.00,184.00,170.05,173.00,172.95,173.51,1229,2.13,54,652,53.05
AHLEAST,EQ,2015-01-08,172.95,171.65,178.00,171.00,173.00,174.05,173.17,866,1.50,35,579,66.86
AHLEAST,EQ,2015-01-09,174.05,173.00,179.00,171.15,172.40,171.70,174.22,368,0.64,17,267,72.55
AHLEAST,EQ,2015-01-12,171.70,173.00,175.20,167.00,170.00,170.85,170.15,1984,3.38,89,1238,62.40
AHLEAST,EQ,2015-01-13,170.85,171.05,176.90,170.10,174.80,172.40,174.05,659,1.15,24,540,81.94
AHLEAST,EQ,2015-01-14,172.40,172.05,175.00,171.00,174.00,174.00,171.24,736,1.26,26,507,68.89
AHLEAST,EQ,2015-01-15,174.00,171.90,174.00,170.50,170.50,171.00,171.59,979,1.68,55,625,63.84
AHLEAST,EQ,2015-01-16,171.00,170.10,171.50,167.00,171.50,170.55,169.78,1133,1.92,30,660,58.25
AHLEAST,EQ,2015-01-19,170.55,171.50,175.00,170.50,171.50,173.85,171.94,269,0.46,15,190,70.63
AHLEAST,EQ,2015-01-20,173.85,169.00,174.50,169.00,170.50,171.10,171.08,2012,3.44,65,1479,73.51
AHLEAST,EQ,2015-01-21,171.10,176.00,176.00,170.20,176.00,173.95,172.55,229,0.40,24,207,90.39
AHLEAST,EQ,2015-01-22,173.95,171.00,172.90,170.05,170.65,170.75,170.68,753,1.29,48,285,37.85
AHLEAST,EQ,2015-01-23,170.75,171.05,179.95,170.50,178.00,176.90,173.79,1152,2.00,159,793,68.84
AHLEAST,EQ,2015-01-27,176.90,179.00,179.00,173.40,173.40,173.40,174.01,401,0.70,18,328,81.80
AHLEAST,EQ,2015-01-28,173.40,175.00,175.00,169.90,170.35,170.60,170.88,2521,4.31,77,2038,80.84
AHLEAST,EQ,2015-01-29,170.60,172.00,173.00,170.10,170.10,172.25,171.70,457,0.78,32,288,63.02
AHLEAST,EQ,2015-01-30,172.25,171.45,175.00,171.45,175.00,174.55,172.58,442,0.76,10,146,33.03
AHLEAST,EQ,2015-02-02,174.55,177.95,178.40,175.00,177.05,177.00,176.92,438,0.77,41,284,64.84
AHLEAST,EQ,2015-02-03,177.00,175.00,179.00,175.00,179.00,178.70,178.16,127,0.23,14,100,78.74
AHLEAST,EQ,2015-02-04,178.70,175.00,178.00,175.00,178.00,177.65,177.85,629,1.12,36,550,87.44
AHLEAST,EQ,2015-02-05,177.65,175.00,178.00,174.25,176.95,175.30,175.73,307,0.54,12,245,79.80
AHLEAST,EQ,2015-02-06,175.30,176.00,176.00,172.50,175.00,174.45,173.32,419,0.73,8,418,99.76
AHLEAST,EQ,2015-02-09,174.45,175.50,175.50,170.55,173.00,173.45,173.79,724,1.26,25,617,85.22
AHLEAST,EQ,2015-02-10,173.45,170.25,173.50,170.20,171.15,171.25,171.32,811,1.39,66,520,64.12
AHLEAST,EQ,2015-02-11,171.25,172.00,175.00,171.10,171.10,172.70,174.78,1735,3.03,33,1641,94.58
AHLEAST,EQ,2015-02-12,172.70,172.55,175.00,172.50,175.00,175.00,173.38,168,0.29,11,148,88.10
AHLEAST,EQ,2015-02-13,175.00,175.00,179.00,175.00,178.00,177.65,176.67,1247,2.20,18,1200,96.23
AHLEAST,EQ,2015-02-16,177.65,177.95,178.00,173.30,177.00,177.00,177.47,229,0.41,8,225,98.25
AHLEAST,EQ,2015-02-18,177.00,172.30,176.00,172.00,172.50,172.50,173.30,688,1.19,29,600,87.21
AHLEAST,EQ,2015-02-19,172.50,172.25,178.45,166.40,177.95,176.45,171.75,2250,3.86,103,1058,47.02
AHLEAST,EQ,2015-02-20,176.45,177.80,179.95,172.10,179.95,177.25,177.17,519,0.92,31,306,58.96
AHLEAST,EQ,2015-02-23,177.25,166.70,181.40,166.70,181.40,179.05,176.06,1009,1.78,21,935,92.67
AHLEAST,EQ,2015-02-24,179.05,175.00,182.95,175.00,179.75,179.75,179.89,1072,1.93,23,1028,95.90
AHLEAST,EQ,2015-02-25,179.75,173.00,179.90,171.60,174.10,174.10,175.14,1026,1.80,44,833,81.19
AHLEAST,EQ,2015-02-26,174.10,174.25,174.25,174.25,174.25,174.25,174.25,30,0.05,2,30,100.00
AHLEAST,EQ,2015-02-27,174.25,180.00,180.00,170.15,171.20,171.75,172.08,642,1.10,18,355,55.30
AHLEAST,EQ,2015-02-28,171.75,177.25,177.25,170.05,172.00,174.45,171.14,105,0.18,8,50,47.62
AHLEAST,EQ,2015-03-02,174.45,170.45,179.00,168.05,177.75,176.80,176.63,1431,2.53,29,1256,87.77
AHLEAST,EQ,2015-03-03,176.80,172.05,179.00,172.05,179.00,178.85,178.21,1231,2.19,41,1178,95.69
AHLEAST,EQ,2015-03-04,178.85,174.00,181.80,174.00,176.05,179.45,179.40,10112,18.14,46,9996,98.85
AHLEAST,EQ,2015-03-05,179.45,179.95,183.00,172.50,180.00,177.10,177.37,447,0.79,26,381,85.23
AHLEAST,EQ,2015-03-09,177.10,178.00,178.00,168.90,172.00,173.50,173.64,3916,6.80,49,3373,86.13
AHLEAST,EQ,2015-03-10,173.50,175.00,176.00,168.05,168.40,169.70,172.25,696,1.20,52,337,48.42
AHLEAST,EQ,2015-03-11,169.70,172.00,182.95,171.95,176.05,176.75,177.32,3949,7.00,53,3682,93.24
AHLEAST,EQ,2015-03-12,176.75,175.00,179.90,173.35,179.90,179.75,176.77,17296,30.57,44,2130,12.31
AHLEAST,EQ,2015-03-13,179.75,180.00,183.00,173.20,183.00,179.95,179.57,7848,14.09,63,7234,92.18
AHLEAST,EQ,2015-03-16,179.95,176.80,180.05,172.75,180.00,179.75,177.54,1239,2.20,30,1084,87.49
AHLEAST,EQ,2015-03-17,179.75,177.00,183.10,173.25,183.00,182.55,180.56,1704,3.08,46,1413,82.92
AHLEAST,EQ,2015-03-18,182.55,181.00,187.75,179.95,185.00,183.25,181.46,935,1.70,20,903,96.58
AHLEAST,EQ,2015-03-19,183.25,179.00,180.00,176.05,180.00,180.00,178.56,1408,2.51,47,810,57.53
AHLEAST,EQ,2015-03-20,180.00,176.00,186.90,170.85,186.90,181.00,179.43,1335,2.40,59,1050,78.65
AHLEAST,EQ,2015-03-23,181.00,177.05,184.80,177.05,184.80,180.10,179.76,1138,2.05,30,1010,88.75
AHLEAST,EQ,2015-03-24,180.10,177.20,186.75,177.20,186.00,185.85,184.09,2156,3.97,252,1935,89.75
AHLEAST,EQ,2015-03-25,185.85,180.25,182.00,175.55,182.00,180.60,179.80,7169,12.89,238,5166,72.06
AHLEAST,EQ,2015-03-26,180.60,180.05,186.65,172.85,186.65,181.05,180.86,1213,2.19,120,801,66.03
AHLEAST,EQ,2015-03-27,181.05,169.00,186.15,169.00,185.00,183.10,182.80,1200,2.19,151,979,81.58
AHLEAST,EQ,2015-03-30,183.10,179.00,197.75,175.05,195.00,191.40,186.25,2266,4.22,69,1492,65.84
AHLEAST,EQ,2015-03-31,191.40,180.25,201.00,180.25,200.00,199.60,198.98,11502,22.89,139,11325,98.46
AHLEAST,EQ,2015-04-01,199.60,196.00,202.40,185.00,186.00,192.25,198.53,357,0.71,25,219,61.34
AHLEAST,EQ,2015-04-06,192.25,182.60,194.95,180.25,180.25,183.90,188.44,434,0.82,51,290,66.82
AHLEAST,EQ,2015-04-07,183.90,193.10,193.10,180.25,192.90,183.10,183.14,477,0.87,15,250,52.41
AHLEAST,EQ,2015-04-08,183.10,183.00,196.00,181.20,186.00,186.20,189.75,528,1.00,36,384,72.73
AHLEAST,EQ,2015-04-09,186.20,183.90,189.00,183.50,183.50,183.60,183.90,270,0.50,25,151,55.93
AHLEAST,EQ,2015-04-10,183.60,180.30,201.00,180.30,200.00,200.15,193.28,978,1.89,69,767,78.43
AHLEAST,EQ,2015-04-13,200.15,198.00,202.05,195.15,200.00,200.00,199.28,1015,2.02,36,742,73.10
AHLEAST,EQ,2015-04-15,200.00,196.95,210.00,192.25,207.50,202.35,206.87,6715,13.89,144,5876,87.51
AHLEAST,EQ,2015-04-16,202.35,202.30,217.00,195.10,195.10,195.15,202.27,2017,4.08,65,936,46.41
AHLEAST,EQ,2015-04-17,195.15,186.00,205.50,186.00,202.10,195.65,199.17,405,0.81,52,240,59.26
AHLEAST,EQ,2015-04-20,195.65,191.15,208.00,191.15,199.25,197.00,196.62,33,0.06,12,3,9.09
AHLEAST,EQ,2015-04-21,197.00,186.00,215.00,186.00,200.05,200.05,198.48,124,0.25,31,52,41.94
AHLEAST,EQ,2015-04-22,200.05,214.90,214.90,182.25,182.25,185.05,185.49,3170,5.88,150,1886,59.50
AHLEAST,EQ,2015-04-23,185.05,182.50,199.00,182.50,191.85,190.05,196.30,6831,13.41,116,6164,90.24
AHLEAST,EQ,2015-04-24,190.05,185.10,192.90,185.10,188.00,188.00,187.96,70,0.13,6,50,71.43
AHLEAST,EQ,2015-04-27,188.00,188.00,188.75,180.25,181.10,183.20,181.64,416,0.76,36,335,80.53
AHLEAST,EQ,2015-04-28,183.20,188.00,192.90,180.25,180.25,182.70,183.36,666,1.22,28,586,87.99
AHLEAST,EQ,2015-04-29,182.70,183.40,183.40,183.20,183.30,183.30,183.29,353,0.65,14,352,99.72
AHLEAST,EQ,2015-04-30,183.30,186.00,186.95,186.00,186.95,186.60,186.59,32,0.06,2,32,100.00
AHLEAST,EQ,2015-05-04,186.60,185.00,185.00,181.30,182.00,182.75,183.23,99,0.18,10,66,66.67
AHLEAST,EQ,2015-05-05,182.75,187.90,188.00,180.30,180.40,183.05,182.52,254,0.46,40,116,45.67
AHLEAST,EQ,2015-05-06,183.05,180.55,186.95,177.60,177.60,180.50,181.19,2727,4.94,57,1689,61.94
AHLEAST,EQ,2015-05-07,180.50,180.00,180.00,176.50,176.50,176.50,176.64,134,0.24,15,100,74.63
AHLEAST,EQ,2015-05-08,176.50,180.00,180.00,176.50,177.10,177.65,177.46,314,0.56,18,236,75.16
AHLEAST,EQ,2015-05-11,177.65,197.90,197.90,178.00,179.00,179.45,179.24,259,0.46,19,188,72.59
AHLEAST,EQ,2015-05-13,179.45,177.00,184.45,176.40,177.10,179.10,177.20,358,0.63,13,288,80.45
AHLEAST,EQ,2015-05-15,179.10,177.05,184.90,176.25,181.00,181.00,179.40,1491,2.67,79,590,39.57
AHLEAST,EQ,2015-05-18,181.00,172.00,182.20,172.00,182.00,179.90,178.55,413,0.74,36,301,72.88
AHLEAST,EQ,2015-05-19,179.90,178.10,183.60,178.00,178.00,178.35,178.34,34,0.06,7,21,61.76
AHLEAST,EQ,2015-05-20,178.35,178.00,184.45,173.05,173.20,174.40,175.31,921,1.61,99,594,64.50
AHLEAST,EQ,2015-05-21,174.40,178.00,182.50,176.00,182.00,182.00,177.21,29,0.05,6,25,86.21
AHLEAST,EQ,2015-05-22,182.00,176.05,182.90,176.05,177.30,181.25,178.72,244,0.44,24,176,72.13
AHLEAST,EQ,2015-05-25,181.25,176.10,180.10,171.00,171.00,171.50,176.19,102,0.18,17,38,37.25
AHLEAST,EQ,2015-05-26,171.50,166.50,180.20,166.50,176.20,178.80,172.59,564,0.97,46,284,50.35
AHLEAST,EQ,2015-05-27,178.80,176.25,180.00,173.05,178.00,177.30,176.98,621,1.10,33,451,72.62
AHLEAST,EQ,2015-05-28,177.30,178.00,178.10,173.00,175.40,175.40,176.43,838,1.48,38,709,84.61
AHLEAST,EQ,2015-05-29,175.40,181.85,181.90,174.60,176.00,175.30,175.44,143,0.25,8,96,67.13
AHLEAST,EQ,2015-06-01,175.30,177.00,182.00,175.00,175.10,175.10,179.32,605,1.08,34,357,59.01
AHLEAST,EQ,2015-06-02,175.10,178.00,184.90,178.00,180.10,181.35,181.04,1103,2.00,38,902,81.78
AHLEAST,EQ,2015-06-03,181.35,172.00,182.10,172.00,179.00,179.00,180.68,153,0.28,12,95,62.09
AHLEAST,EQ,2015-06-04,179.00,177.00,178.00,177.00,178.00,178.00,177.26,5,0.01,4,3,60.00
AHLEAST,EQ,2015-06-05,178.00,178.00,184.00,171.50,184.00,179.25,176.89,549,0.97,27,405,73.77
AHLEAST,EQ,2015-06-08,179.25,176.00,177.25,176.00,177.25,177.25,176.61,78,0.14,6,38,48.72
AHLEAST,EQ,2015-06-09,177.25,173.95,178.00,173.95,178.00,178.00,176.63,148,0.26,9,143,96.62
AHLEAST,EQ,2015-06-10,178.00,174.10,179.80,174.10,179.00,179.25,177.42,312,0.55,28,142,45.51
AHLEAST,EQ,2015-06-11,179.25,177.05,177.05,175.00,175.00,176.30,176.65,971,1.72,8,969,99.79
AHLEAST,EQ,2015-06-12,176.30,173.00,174.40,171.00,171.00,171.00,172.46,714,1.23,25,650,91.04
AHLEAST,EQ,2015-06-15,171.00,173.30,175.00,166.25,170.00,170.00,172.10,578,0.99,35,458,79.24
AHLEAST,EQ,2015-06-16,170.00,170.00,174.90,170.00,170.10,170.15,170.54,132,0.23,7,116,87.88
AHLEAST,EQ,2015-06-17,170.15,170.25,170.25,167.00,167.00,167.30,169.45,1220,2.07,37,1121,91.89
AHLEAST,EQ,2015-06-18,167.30,168.00,172.00,168.00,172.00,172.00,169.76,79,0.13,12,47,59.49
AHLEAST,EQ,2015-06-19,172.00,165.00,171.00,161.25,171.00,171.00,169.72,510,0.87,27,466,91.37
AHLEAST,EQ,2015-06-22,171.00,177.90,177.90,170.15,172.00,172.00,170.76,95,0.16,20,70,73.68
AHLEAST,EQ,2015-06-23,172.00,180.00,180.00,170.70,172.20,172.20,172.09,143,0.25,14,123,86.01
AHLEAST,EQ,2015-06-24,172.20,174.25,174.25,170.60,170.60,170.70,173.41,785,1.36,15,683,87.01
AHLEAST,EQ,2015-06-26,170.70,171.50,172.00,168.00,168.00,169.80,170.29,800,1.36,16,640,80.00
AHLEAST,EQ,2015-06-29,169.80,170.70,189.00,170.20,176.00,175.00,172.44,209,0.36,22,166,79.43
AHLEAST,EQ,2015-06-30,175.00,176.00,176.00,171.25,171.25,171.25,171.32,148,0.25,8,120,81.08
AHLEAST,EQ,2015-07-01,171.25,173.00,180.00,166.35,170.10,170.25,170.25,959,1.63,44,712,74.24
AHLEAST,EQ,2015-07-02,170.25,171.00,172.00,171.00,172.00,172.00,171.66,206,0.35,10,160,77.67
AHLEAST,EQ,2015-07-03,172.00,171.05,178.00,171.00,171.00,171.05,171.52,952,1.63,47,700,73.53
AHLEAST,EQ,2015-07-06,171.05,171.00,178.00,171.00,172.00,172.20,172.79,416,0.72,17,185,44.47
AHLEAST,EQ,2015-07-07,172.20,171.15,171.15,165.00,170.20,170.10,169.54,5796,9.83,127,4855,83.76
AHLEAST,EQ,2015-07-08,170.10,170.50,175.95,170.50,171.00,171.15,171.10,440,0.75,9,435,98.86
AHLEAST,EQ,2015-07-09,171.15,176.00,177.00,165.00,170.00,169.60,169.39,4319,7.32,99,3549,82.17
AHLEAST,EQ,2015-07-10,169.60,198.00,198.00,170.00,170.00,171.95,173.95,564,0.98,27,310,54.96
AHLEAST,EQ,2015-07-13,171.95,174.90,174.90,168.00,170.50,171.85,170.88,750,1.28,38,635,84.67
AHLEAST,EQ,2015-07-14,171.85,171.05,171.05,171.00,171.00,171.00,171.00,28,0.05,4,27,96.43
AHLEAST,EQ,2015-07-15,171.00,185.00,185.00,172.00,174.10,174.10,175.53,1464,2.57,43,846,57.79
AHLEAST,EQ,2015-07-16,174.10,177.40,181.00,175.00,175.10,176.80,177.87,1910,3.40,89,1556,81.47
AHLEAST,EQ,2015-07-17,176.80,181.00,181.00,173.35,175.00,174.45,174.82,1513,2.64,36,1162,76.80
AHLEAST,EQ,2015-07-20,174.45,203.00,203.00,172.00,174.55,174.85,174.58,2260,3.95,72,1333,58.98
AHLEAST,EQ,2015-07-21,174.85,173.90,179.95,173.90,174.10,174.10,175.28,562,0.99,22,303,53.91
AHLEAST,EQ,2015-07-22,174.10,183.00,183.00,168.00,173.10,174.70,173.52,11589,20.11,140,7556,65.20
AHLEAST,EQ,2015-07-23,174.70,171.60,171.60,170.80,170.80,171.15,171.22,107,0.18,6,107,100.00
AHLEAST,EQ,2015-07-24,171.15,171.10,175.00,171.00,172.50,172.55,172.88,454,0.78,23,401,88.33
AHLEAST,EQ,2015-07-27,172.55,175.95,176.85,169.40,171.00,171.00,171.21,4706,8.06,133,3013,64.02
AHLEAST,EQ,2015-07-28,171.00,174.70,174.70,169.40,169.40,170.25,170.30,393,0.67,12,388,98.73
AHLEAST,EQ,2015-07-29,170.25,173.90,174.00,168.35,168.70,169.35,170.32,2409,4.10,64,2126,88.25
AHLEAST,EQ,2015-07-30,169.35,169.40,172.95,169.40,170.20,170.25,170.73,1363,2.33,111,1265,92.81
AHLEAST,EQ,2015-07-31,170.25,170.65,174.95,166.50,174.00,174.45,168.41,2939,4.95,66,2075,70.60
AHLEAST,EQ,2015-08-03,174.45,170.20,173.70,167.50,172.00,172.00,169.82,1965,3.34,51,1427,72.62
AHLEAST,EQ,2015-08-04,172.00,151.00,169.95,151.00,168.80,169.25,168.63,1595,2.69,43,1314,82.38
AHLEAST,EQ,2015-08-05,169.25,179.90,179.95,169.25,173.00,176.15,174.71,706,1.23,26,562,79.60
AHLEAST,EQ,2015-08-06,176.15,176.90,179.00,176.90,179.00,179.00,177.10,198,0.35,8,188,94.95
AHLEAST,EQ,2015-08-07,179.00,179.00,180.00,174.20,174.20,174.20,176.58,464,0.82,12,414,89.22
AHLEAST,EQ,2015-08-10,174.20,169.00,190.50,169.00,175.00,176.15,176.05,3944,6.94,69,1253,31.77
AHLEAST,EQ,2015-08-11,176.15,197.00,197.00,172.75,177.00,175.60,174.26,451,0.79,22,221,49.00
AHLEAST,EQ,2015-08-12,175.60,172.50,172.50,166.10,166.10,169.45,171.43,2520,4.32,29,2272,90.16
AHLEAST,EQ,2015-08-13,169.45,170.00,171.95,166.10,167.50,166.85,168.17,204,0.34,50,147,72.06
AHLEAST,EQ,2015-08-14,166.85,173.00,174.75,170.00,170.00,170.00,172.17,5,0.01,5,2,40.00
AHLEAST,EQ,2015-08-17,170.00,166.10,179.00,162.95,165.10,165.05,165.91,1433,2.38,41,787,54.92
AHLEAST,EQ,2015-08-18,165.05,162.00,169.75,158.85,169.75,168.90,168.21,216,0.36,21,201,93.06
AHLEAST,EQ,2015-08-19,168.90,168.90,172.80,162.15,169.90,169.70,169.21,3387,5.73,44,2250,66.43
AHLEAST,EQ,2015-08-20,169.70,169.95,169.95,165.45,169.70,167.00,167.15,905,1.51,28,697,77.02
AHLEAST,EQ,2015-08-21,167.00,160.00,169.90,159.85,168.85,163.50,163.32,224,0.37,13,111,49.55
AHLEAST,EQ,2015-08-24,163.50,161.00,168.00,135.10,136.00,135.45,143.79,3522,5.06,100,3236,91.88
AHLEAST,EQ,2015-08-25,135.45,146.90,152.85,144.10,146.00,148.85,146.91,2398,3.52,63,2166,90.33
AHLEAST,EQ,2015-08-26,148.85,149.00,160.00,149.00,150.00,150.10,150.92,260,0.39,30,217,83.46
AHLEAST,EQ,2015-08-27,150.10,157.90,157.90,150.20,156.00,150.75,152.84,162,0.25,37,103,63.58
AHLEAST,EQ,2015-08-28,150.75,159.75,159.75,147.00,147.00,149.85,150.97,576,0.87,63,363,63.02
AHLEAST,EQ,2015-08-31,149.85,149.95,154.90,143.30,152.50,152.50,149.26,317,0.47,15,100,31.55
AHLEAST,EQ,2015-09-01,152.50,152.10,152.10,141.00,143.50,142.95,144.60,413,0.60,60,313,75.79
AHLEAST,EQ,2015-09-02,142.95,145.50,145.50,145.00,145.00,145.00,145.06,750,1.09,12,750,100.00
AHLEAST,EQ,2015-09-03,145.00,150.90,153.00,146.00,153.00,151.90,149.98,988,1.48,18,886,89.68
AHLEAST,EQ,2015-09-04,151.90,152.70,152.70,146.00,146.05,148.60,149.15,440,0.66,36,320,72.73
AHLEAST,EQ,2015-09-07,148.60,146.00,146.00,146.00,146.00,146.00,146.00,40,0.06,2,40,100.00
AHLEAST,EQ,2015-09-08,146.00,145.00,145.00,144.00,144.00,145.00,144.99,3035,4.40,2,3035,100.00
AHLEAST,EQ,2015-09-09,145.00,152.00,152.00,140.05,150.40,149.80,146.36,129,0.19,21,81,62.79
AHLEAST,EQ,2015-09-10,149.80,148.70,148.80,146.00,146.00,146.15,148.06,235,0.35,13,184,78.30
AHLEAST,EQ,2015-09-11,146.15,150.00,150.00,143.50,147.80,147.80,146.47,52,0.08,6,40,76.92
AHLEAST,EQ,2015-09-14,147.80,145.00,149.75,139.90,149.75,149.75,146.83,490,0.72,29,386,78.78
AHLEAST,EQ,2015-09-15,149.75,152.00,152.00,141.05,141.05,143.55,149.55,322,0.48,20,200,62.11
AHLEAST,EQ,2015-09-16,143.55,149.50,153.90,145.05,153.90,148.55,149.60,1525,2.28,25,1480,97.05
AHLEAST,EQ,2015-09-18,148.55,163.50,163.50,145.00,150.00,149.75,149.55,1830,2.74,51,1025,56.01
AHLEAST,EQ,2015-09-21,149.75,155.00,155.00,140.10,144.00,146.60,148.78,2385,3.55,50,1024,42.94
AHLEAST,EQ,2015-09-22,146.60,155.00,155.00,144.00,144.00,144.05,145.27,254,0.37,22,162,63.78
AHLEAST,EQ,2015-09-23,144.05,152.90,162.00,145.65,148.50,148.50,149.88,691,1.04,37,133,19.25
AHLEAST,EQ,2015-09-24,148.50,145.50,154.95,144.05,144.05,145.15,145.99,28,0.04,5,10,35.71
AHLEAST,EQ,2015-09-28,145.15,145.00,147.90,144.00,144.50,144.25,144.61,269,0.39,13,183,68.03
AHLEAST,EQ,2015-09-29,144.25,142.05,144.80,142.05,144.80,144.80,143.43,10,0.01,2,5,50.00
AHLEAST,EQ,2015-09-30,144.80,144.80,161.70,144.80,150.00,150.00,149.65,476,0.71,26,243,51.05
AHLEAST,EQ,2015-10-01,150.00,151.00,151.25,150.25,150.25,151.00,151.00,2038,3.08,14,2006,98.43
AHLEAST,EQ,2015-10-05,151.00,167.60,167.60,145.60,151.00,151.05,150.68,1437,2.17,18,1332,92.69
AHLEAST,EQ,2015-10-06,151.05,151.05,151.05,141.05,145.00,145.00,146.14,11697,17.09,96,10007,85.55
AHLEAST,EQ,2015-10-07,145.00,146.00,148.90,143.20,145.00,145.30,146.03,614,0.90,108,112,18.24
AHLEAST,EQ,2015-10-08,145.30,149.00,149.00,149.00,149.00,149.00,149.00,250,0.37,1,250,100.00
AHLEAST,EQ,2015-10-09,149.00,145.00,147.00,142.10,145.00,145.00,144.66,558,0.81,22,478,85.66
AHLEAST,EQ,2015-10-12,145.00,143.00,149.30,142.25,143.00,144.10,144.08,4207,6.06,55,3982,94.65
AHLEAST,EQ,2015-10-13,144.10,144.00,144.00,144.00,144.00,144.00,144.00,140,0.20,2,140,100.00
AHLEAST,EQ,2015-10-14,144.00,154.90,154.90,144.00,144.00,144.00,148.12,320,0.47,25,260,81.25
AHLEAST,EQ,2015-10-15,144.00,143.55,144.00,143.55,144.00,144.00,143.78,10,0.01,2,5,50.00
AHLEAST,EQ,2015-10-16,144.00,143.00,146.95,142.55,144.25,144.25,143.88,53,0.08,5,20,37.74
AHLEAST,EQ,2015-10-19,144.25,141.30,145.95,141.30,145.95,145.95,143.94,119,0.17,8,68,57.14
AHLEAST,EQ,2015-10-20,145.95,143.05,147.00,143.05,145.25,145.25,145.25,337,0.49,7,311,92.28
AHLEAST,EQ,2015-10-21,145.25,152.90,152.90,144.25,144.25,144.30,144.83,342,0.50,16,317,92.69
AHLEAST,EQ,2015-10-23,144.30,144.00,149.25,144.00,144.30,144.30,144.31,185,0.27,9,130,70.27
AHLEAST,EQ,2015-10-26,144.30,145.00,147.70,144.00,147.70,147.70,146.61,255,0.37,6,252,98.82
AHLEAST,EQ,2015-10-27,147.70,147.70,149.80,142.20,142.20,144.00,145.53,564,0.82,19,450,79.79
AHLEAST,EQ,2015-10-28,144.00,143.50,151.50,143.50,144.10,144.55,144.83,168,0.24,9,158,94.05
AHLEAST,EQ,2015-10-29,144.55,145.50,145.50,145.50,145.50,145.50,145.50,72,0.10,1,72,100.00
AHLEAST,EQ,2015-10-30,145.50,142.50,151.90,142.50,149.40,148.15,148.20,1659,2.46,31,1327,79.99
AHLEAST,EQ,2015-11-02,148.15,146.85,146.85,145.00,145.00,145.00,145.09,1102,1.60,11,1052,95.46
AHLEAST,EQ,2015-11-03,145.00,145.05,148.00,145.05,145.15,145.15,145.25,102,0.15,6,77,75.49
AHLEAST,EQ,2015-11-04,145.15,145.05,145.05,142.10,142.10,142.10,143.18,2324,3.33,7,2324,100.00
AHLEAST,EQ,2015-11-05,142.10,144.90,145.00,140.25,142.60,142.60,142.84,1928,2.75,43,1478,76.66
AHLEAST,EQ,2015-11-09,142.60,145.25,145.25,140.15,140.15,140.15,140.46,20,0.03,4,10,50.00
AHLEAST,EQ,2015-11-10,140.15,143.00,143.00,140.10,140.10,140.10,141.81,85,0.12,2,85,100.00
AHLEAST,EQ,2015-11-11,140.10,140.00,144.00,140.00,144.00,142.00,142.00,200,0.28,2,100,50.00
AHLEAST,EQ,2015-11-13,142.00,141.00,146.00,136.50,140.00,140.05,139.29,871,1.21,56,635,72.90
AHLEAST,EQ,2015-11-16,140.05,138.40,144.40,138.40,139.95,139.95,138.52,158,0.22,5,151,95.57
AHLEAST,EQ,2015-11-17,139.95,149.00,149.00,138.30,140.00,140.00,143.05,1619,2.32,24,304,18.78
AHLEAST,EQ,2015-11-18,140.00,140.10,144.00,140.10,140.10,140.10,140.20,200,0.28,8,200,100.00
AHLEAST,EQ,2015-11-19,140.10,147.00,150.00,137.05,150.00,148.50,147.67,2017,2.98,47,1649,81.76
AHLEAST,EQ,2015-11-20,148.50,149.90,150.90,143.00,150.00,150.00,148.17,359,0.53,22,253,70.47
AHLEAST,EQ,2015-11-23,150.00,149.05,149.75,141.25,141.25,143.50,146.49,929,1.36,36,217,23.36
AHLEAST,EQ,2015-11-24,143.50,142.00,149.00,141.50,142.10,142.10,142.23,237,0.34,15,209,88.19
AHLEAST,EQ,2015-11-26,142.10,140.00,149.00,136.00,146.00,146.00,143.64,3155,4.53,40,2075,65.77
AHLEAST,EQ,2015-11-27,146.00,142.15,148.00,140.10,148.00,147.95,142.24,935,1.33,31,609,65.13
AHLEAST,EQ,2015-11-30,147.95,145.00,145.00,141.00,141.50,141.50,142.74,95,0.14,11,83,87.37
AHLEAST,EQ,2015-12-01,141.50,141.60,148.70,141.60,142.00,142.00,142.30,180,0.26,11,150,83.33
AHLEAST,EQ,2015-12-02,142.00,149.75,167.70,141.10,161.00,157.40,152.57,5309,8.10,99,3357,63.23
AHLEAST,EQ,2015-12-03,157.40,166.00,175.05,151.10,165.20,166.05,166.04,6525,10.83,153,3190,48.89
AHLEAST,EQ,2015-12-04,166.05,160.75,168.00,152.00,166.70,162.85,162.21,8340,13.53,72,423,5.07
AHLEAST,EQ,2015-12-07,162.85,167.70,167.70,162.50,165.95,164.35,164.14,633,1.04,16,577,91.15
AHLEAST,EQ,2015-12-08,164.35,158.00,166.70,155.05,164.00,163.10,162.78,4972,8.09,18,3945,79.34
AHLEAST,EQ,2015-12-09,163.10,157.65,165.00,151.70,162.10,162.10,162.93,1843,3.00,35,1583,85.89
AHLEAST,EQ,2015-12-10,162.10,169.00,169.00,158.30,160.70,160.95,162.52,5108,8.30,23,700,13.70
AHLEAST,EQ,2015-12-11,160.95,161.05,162.95,158.00,161.00,161.00,161.32,5935,9.57,31,2950,49.71
AHLEAST,EQ,2015-12-14,161.00,161.75,161.75,156.25,161.65,160.65,160.23,3431,5.50,29,2762,80.50
AHLEAST,EQ,2015-12-15,160.65,161.75,164.90,156.50,161.05,162.40,162.12,1986,3.22,37,1842,92.75
AHLEAST,EQ,2015-12-16,162.40,161.05,166.95,161.00,164.95,164.95,164.58,585,0.96,10,315,53.85
AHLEAST,EQ,2015-12-17,164.95,167.00,167.95,161.00,162.25,162.25,162.73,2795,4.55,22,2148,76.85
AHLEAST,EQ,2015-12-18,162.25,161.25,164.85,161.25,162.00,162.00,162.35,880,1.43,25,730,82.95
AHLEAST,EQ,2015-12-21,162.00,153.00,162.00,153.00,161.00,161.30,159.95,289,0.46,29,148,51.21
AHLEAST,EQ,2015-12-22,161.30,165.70,165.70,160.70,162.55,162.55,161.27,811,1.31,7,809,99.75
AHLEAST,EQ,2015-12-23,162.55,160.60,167.80,160.60,167.80,165.50,163.20,2123,3.46,46,2047,96.42
AHLEAST,EQ,2015-12-24,165.50,163.20,164.90,160.60,161.25,161.25,162.68,538,0.88,43,315,58.55
AHLEAST,EQ,2015-12-28,161.25,169.00,169.00,160.60,161.00,161.05,161.41,1055,1.70,24,973,92.23
AHLEAST,EQ,2015-12-29,161.05,160.55,163.90,160.50,160.50,160.55,160.87,719,1.16,28,517,71.91
AHLEAST,EQ,2015-12-30,160.55,160.15,165.00,158.15,165.00,162.85,161.16,673,1.08,49,571,84.84
AHLEAST,EQ,2015-12-31,162.85,163.00,163.00,163.00,163.00,163.00,163.00,54,0.09,2,54,100.00
AHLEAST,EQ,2016-01-01,163.00,160.00,167.00,155.00,166.00,166.00,165.62,357,0.59,25,232,64.99
AHLEAST,EQ,2016-01-04,166.00,167.00,169.00,163.15,168.00,167.50,165.21,2164,3.58,25,2088,96.49
AHLEAST,EQ,2016-01-05,167.50,165.00,170.00,162.25,169.90,169.35,167.01,3046,5.09,46,2096,68.81
AHLEAST,EQ,2016-01-06,169.35,174.75,179.75,170.10,176.80,174.10,174.16,3469,6.04,44,2880,83.02
AHLEAST,EQ,2016-01-07,174.10,171.10,171.10,163.00,167.00,166.90,166.52,293,0.49,44,248,84.64
AHLEAST,EQ,2016-01-08,166.90,165.00,166.00,161.25,166.00,166.00,164.69,145,0.24,12,121,83.45
AHLEAST,EQ,2016-01-11,166.00,162.30,166.00,162.30,166.00,165.25,163.45,41,0.07,3,41,100.00
AHLEAST,EQ,2016-01-12,165.25,167.00,167.00,162.50,163.00,163.00,166.96,1616,2.70,18,1610,99.63
AHLEAST,EQ,2016-01-13,163.00,163.00,163.00,151.05,152.00,152.85,160.80,7334,11.79,81,6462,88.11
AHLEAST,EQ,2016-01-14,152.85,161.00,161.00,151.10,151.50,152.00,153.86,347,0.53,28,330,95.10
AHLEAST,EQ,2016-01-15,152.00,151.50,151.50,151.25,151.25,151.30,151.30,50,0.08,3,50,100.00
AHLEAST,EQ,2016-01-18,151.30,145.00,150.00,140.05,145.10,145.10,144.73,144,0.21,26,91,63.19
AHLEAST,EQ,2016-01-19,145.10,146.00,149.95,145.00,149.95,149.95,146.03,123,0.18,7,123,100.00
AHLEAST,EQ,2016-01-20,149.95,144.95,147.00,140.30,140.30,143.20,143.41,44,0.06,13,35,79.55
AHLEAST,EQ,2016-01-21,143.20,142.00,145.00,142.00,145.00,145.00,144.39,200,0.29,7,175,87.50
AHLEAST,EQ,2016-01-22,145.00,145.00,153.00,142.55,142.60,147.60,149.04,34,0.05,13,14,41.18
AHLEAST,EQ,2016-01-25,147.60,145.00,150.00,142.10,145.00,145.00,149.89,204,0.31,6,202,99.02
AHLEAST,EQ,2016-01-27,145.00,143.10,158.80,142.00,145.45,144.25,144.89,5008,7.26,106,2674,53.39
AHLEAST,EQ,2016-01-28,144.25,143.50,145.00,142.00,145.00,142.20,143.97,743,1.07,56,617,83.04
AHLEAST,EQ,2016-01-29,142.20,140.00,150.95,130.10,147.10,147.70,147.20,894,1.32,60,477,53.36
AHLEAST,EQ,2016-02-01,147.70,148.00,153.90,147.00,153.90,153.40,147.16,378,0.56,12,372,98.41
AHLEAST,EQ,2016-02-02,153.40,155.00,155.00,145.05,150.00,151.35,148.16,501,0.74,54,414,82.63
AHLEAST,EQ,2016-02-03,151.35,149.00,154.90,136.10,143.00,142.25,144.96,500,0.72,53,380,76.00
AHLEAST,EQ,2016-02-04,142.25,148.00,152.70,137.20,137.20,137.25,139.41,420,0.59,30,369,87.86
AHLEAST,EQ,2016-02-05,137.25,144.50,146.50,140.00,146.00,146.00,143.18,167,0.24,9,111,66.47
AHLEAST,EQ,2016-02-08,146.00,149.90,149.90,144.10,144.10,144.10,144.13,276,0.40,8,251,90.94
AHLEAST,EQ,2016-02-09,144.10,145.00,152.00,138.80,140.10,140.10,141.16,162,0.23,26,116,71.60
AHLEAST,EQ,2016-02-10,140.10,140.25,148.90,135.10,135.10,135.15,135.81,2575,3.50,58,1852,71.92
AHLEAST,EQ,2016-02-11,135.15,134.00,140.00,130.20,140.00,132.80,134.31,384,0.52,22,381,99.22
AHLEAST,EQ,2016-02-12,132.80,135.00,135.00,131.00,131.00,131.00,132.00,42,0.06,7,41,97.62
AHLEAST,EQ,2016-02-15,131.00,137.00,137.00,137.00,137.00,137.00,137.00,30,0.04,2,30,100.00
AHLEAST,EQ,2016-02-16,137.00,136.00,136.00,124.05,132.00,131.55,131.05,648,0.85,55,363,56.02
AHLEAST,EQ,2016-02-17,131.55,137.00,145.00,131.30,135.00,133.20,134.11,186,0.25,12,93,50.00
AHLEAST,EQ,2016-02-18,133.20,133.50,138.00,128.55,138.00,136.25,133.01,70,0.09,10,54,77.14
AHLEAST,EQ,2016-02-22,136.25,133.50,138.00,133.50,134.00,134.00,134.97,129,0.17,5,129,100.00
AHLEAST,EQ,2016-02-23,134.00,132.00,135.50,130.00,131.90,133.70,133.59,151,0.20,21,108,71.52
AHLEAST,EQ,2016-02-24,133.70,131.30,138.00,131.30,135.00,135.00,135.19,455,0.62,9,410,90.11
AHLEAST,EQ,2016-02-25,135.00,131.00,135.00,125.00,125.00,128.90,131.97,95,0.13,24,77,81.05
AHLEAST,EQ,2016-02-26,128.90,129.00,137.00,125.55,129.00,127.55,127.29,167,0.21,21,121,72.46
AHLEAST,EQ,2016-02-29,127.55,130.00,137.90,127.00,137.90,134.05,128.19,216,0.28,18,202,93.52
AHLEAST,EQ,2016-03-02,134.05,125.00,139.00,121.00,134.00,132.05,136.21,1109,1.51,22,841,75.83
AHLEAST,EQ,2016-03-03,132.05,132.00,138.00,131.05,132.50,133.00,133.59,1489,1.99,43,897,60.24
AHLEAST,EQ,2016-03-04,133.00,132.00,135.00,128.05,131.00,131.85,132.48,2368,3.14,73,1381,58.32
AHLEAST,EQ,2016-03-08,131.85,133.00,135.00,131.15,131.65,131.70,132.52,2872,3.81,47,2046,71.24
AHLEAST,EQ,2016-03-09,131.70,138.90,138.90,132.00,135.80,137.20,135.81,1514,2.06,30,240,15.85
AHLEAST,EQ,2016-03-10,137.20,141.45,141.45,130.20,131.30,131.90,131.99,2123,2.80,68,974,45.88
AHLEAST,EQ,2016-03-11,131.90,137.90,137.90,131.10,131.60,135.85,135.45,274,0.37,15,272,99.27
AHLEAST,EQ,2016-03-14,135.85,132.15,135.00,130.00,135.00,131.15,131.72,308,0.41,18,128,41.56
AHLEAST,EQ,2016-03-15,131.15,131.00,135.00,131.00,135.00,135.00,132.59,5,0.01,5,4,80.00
AHLEAST,EQ,2016-03-16,135.00,130.00,137.50,129.15,132.70,134.70,133.38,653,0.87,22,421,64.47
AHLEAST,EQ,2016-03-17,134.70,132.80,132.95,130.10,132.95,132.95,132.02,205,0.27,19,137,66.83
AHLEAST,EQ,2016-03-18,132.95,121.10,133.95,121.10,130.00,130.90,129.92,1041,1.35,57,641,61.58
AHLEAST,EQ,2016-03-21,130.90,130.00,135.95,130.00,132.00,133.95,132.33,134,0.18,10,109,81.34
AHLEAST,EQ,2016-03-22,133.95,138.95,138.95,132.00,137.90,134.90,136.18,6952,9.47,24,5040,72.50
AHLEAST,EQ,2016-03-23,134.90,132.10,139.90,132.10,139.90,138.95,132.19,147,0.19,6,145,98.64
AHLEAST,EQ,2016-03-28,138.95,139.90,139.90,132.10,133.10,133.10,135.53,499,0.68,41,126,25.25
AHLEAST,EQ,2016-03-29,133.10,132.00,137.00,132.00,137.00,135.50,134.15,110,0.15,5,110,100.00
AHLEAST,EQ,2016-03-30,135.50,134.00,144.95,133.30,143.00,142.95,140.84,416,0.59,19,412,99.04
AHLEAST,EQ,2016-03-31,142.95,171.00,171.00,134.40,159.00,154.60,146.94,2586,3.80,76,2360,91.26
AHLEAST,EQ,2016-04-01,154.60,160.00,163.00,145.50,148.00,148.00,146.63,256,0.38,31,171,66.80
AHLEAST,EQ,2016-04-04,148.00,143.00,145.00,141.00,145.00,145.00,144.52,44,0.06,11,39,88.64
AHLEAST,EQ,2016-04-05,145.00,150.00,151.00,140.50,144.00,144.30,145.94,383,0.56,22,175,45.69
AHLEAST,EQ,2016-04-06,144.30,143.00,143.40,140.00,140.30,140.80,140.65,589,0.83,52,307,52.12
AHLEAST,EQ,2016-04-07,140.80,140.30,140.30,140.30,140.30,140.30,140.30,70,0.10,1,70,100.00
AHLEAST,EQ,2016-04-08,140.30,140.20,140.20,140.20,140.20,140.20,140.20,12,0.02,1,12,100.00
AHLEAST,EQ,2016-04-11,140.20,141.05,149.90,141.05,141.60,142.15,142.42,58,0.08,6,29,50.00
AHLEAST,EQ,2016-04-13,142.15,142.50,142.50,142.15,142.15,142.30,142.30,36,0.05,4,20,55.56
AHLEAST,EQ,2016-04-18,142.30,142.30,149.95,141.60,142.10,142.10,142.49,113,0.16,5,63,55.75
AHLEAST,EQ,2016-04-20,142.10,143.00,143.00,142.50,142.50,143.00,142.98,150,0.21,6,145,96.67
AHLEAST,EQ,2016-04-21,143.00,142.20,158.00,142.20,145.10,145.35,149.71,375,0.56,28,310,82.67
AHLEAST,EQ,2016-04-22,145.35,154.00,154.00,149.00,153.30,153.10,152.87,33,0.05,10,27,81.82
AHLEAST,EQ,2016-04-25,153.10,148.00,150.00,145.00,145.00,145.05,146.38,141,0.21,13,70,49.65
AHLEAST,EQ,2016-04-27,145.05,174.00,174.00,143.00,143.50,143.50,150.29,51,0.08,27,11,21.57
AHLEAST,EQ,2016-04-28,143.50,143.60,149.90,141.60,141.60,141.60,144.28,522,0.75,13,280,53.64
AHLEAST,EQ,2016-04-29,141.60,149.00,149.00,141.70,149.00,148.70,147.72,213,0.31,8,163,76.53
AHLEAST,EQ,2016-05-02,148.70,150.00,155.00,145.00,150.00,150.00,148.60,91,0.14,13,54,59.34
AHLEAST,EQ,2016-05-03,150.00,143.00,158.00,141.65,146.40,147.05,152.63,116,0.18,26,52,44.83
AHLEAST,EQ,2016-05-04,147.05,155.00,156.90,143.25,144.50,144.50,145.72,195,0.28,10,75,38.46
AHLEAST,EQ,2016-05-05,144.50,145.05,154.70,142.10,154.70,150.15,145.69,215,0.31,14,140,65.12
AHLEAST,EQ,2016-05-06,150.15,148.00,150.00,142.75,143.00,144.25,145.71,117,0.17,22,35,29.91
AHLEAST,EQ,2016-05-09,144.25,144.10,150.00,144.10,150.00,149.20,146.27,521,0.76,13,470,90.21
AHLEAST,EQ,2016-05-10,149.20,146.00,152.00,146.00,152.00,152.00,149.50,532,0.80,10,462,86.84
AHLEAST,EQ,2016-05-11,152.00,147.00,147.30,143.30,147.00,147.00,145.82,118,0.17,29,55,46.61
AHLEAST,EQ,2016-05-12,147.00,150.00,153.95,150.00,150.10,150.20,150.16,601,0.90,15,570,94.84
AHLEAST,EQ,2016-05-13,150.20,150.05,152.50,147.00,152.50,149.90,149.76,1201,1.80,7,400,33.31
AHLEAST,EQ,2016-05-16,149.90,146.10,147.25,146.10,147.10,147.10,146.94,402,0.59,13,372,92.54
AHLEAST,EQ,2016-05-17,147.10,146.15,153.75,146.15,153.75,153.75,152.78,810,1.24,18,610,75.31
AHLEAST,EQ,2016-05-18,153.75,147.10,148.40,146.50,147.00,147.05,147.24,78,0.11,10,65,83.33
AHLEAST,EQ,2016-05-19,147.05,147.50,147.50,146.10,146.10,146.10,146.84,160,0.23,6,85,53.12
AHLEAST,EQ,2016-05-20,146.10,154.00,154.00,147.50,148.00,149.60,150.54,1832,2.76,19,38,2.07
AHLEAST,EQ,2016-05-23,149.60,147.05,151.00,147.05,151.00,150.65,149.04,167,0.25,10,102,61.08
AHLEAST,EQ,2016-05-24,150.65,155.00,155.00,144.00,147.00,145.55,146.84,278,0.41,37,210,75.54
AHLEAST,EQ,2016-05-25,145.55,149.75,174.65,147.40,174.65,174.65,167.37,18922,31.67,358,12651,66.86
AHLEAST,EQ,2016-05-26,174.65,177.00,187.50,171.55,176.00,176.30,179.74,14126,25.39,410,7628,54.00
AHLEAST,EQ,2016-05-27,176.30,168.00,188.75,163.65,188.75,183.85,178.42,1823,3.25,91,1519,83.32
AHLEAST,EQ,2016-05-30,183.85,181.00,187.40,181.00,186.95,186.95,184.62,2566,4.74,25,2012,78.41
AHLEAST,EQ,2016-05-31,186.95,185.00,188.00,172.60,173.35,179.15,179.06,646,1.16,50,552,85.45
AHLEAST,EQ,2016-06-01,179.15,176.65,179.95,176.60,177.00,177.00,176.96,292,0.52,12,272,93.15
AHLEAST,EQ,2016-06-02,177.00,175.00,180.00,163.25,175.00,175.00,174.58,10588,18.48,186,9869,93.21
AHLEAST,EQ,2016-06-03,175.00,173.00,173.00,166.15,166.15,171.20,171.96,150,0.26,19,119,79.33
AHLEAST,EQ,2016-06-06,171.20,168.00,179.95,167.10,178.90,178.90,172.24,233,0.40,15,140,60.09
AHLEAST,EQ,2016-06-07,178.90,172.50,172.95,167.60,168.00,170.95,171.74,1200,2.06,41,1055,87.92
AHLEAST,EQ,2016-06-08,170.95,170.95,183.90,166.45,167.70,168.95,172.21,450,0.77,40,204,45.33
AHLEAST,EQ,2016-06-09,168.95,168.95,174.95,165.25,174.95,170.55,169.76,257,0.44,16,57,22.18
AHLEAST,EQ,2016-06-10,170.55,172.50,180.00,171.50,178.00,175.25,177.14,1197,2.12,21,1190,99.42
AHLEAST,EQ,2016-06-13,175.25,168.05,176.90,168.05,169.00,169.75,169.33,1710,2.90,37,1483,86.73
AHLEAST,EQ,2016-06-14,169.75,167.00,177.70,167.00,176.95,176.95,168.41,85,0.14,6,83,97.65
AHLEAST,EQ,2016-06-15,176.95,182.05,182.05,169.55,179.90,176.50,176.74,2040,3.61,35,565,27.70
AHLEAST,EQ,2016-06-16,176.50,179.90,179.90,170.00,174.00,174.00,178.19,612,1.09,76,533,87.09
AHLEAST,EQ,2016-06-17,174.00,171.10,188.75,166.00,182.00,182.00,181.38,1227,2.23,38,925,75.39
AHLEAST,EQ,2016-06-20,182.00,187.70,187.70,176.00,184.95,184.95,184.06,47,0.09,14,33,70.21
AHLEAST,EQ,2016-06-21,184.95,176.00,180.00,168.00,175.50,175.50,176.67,984,1.74,91,728,73.98
AHLEAST,EQ,2016-06-22,175.50,173.55,182.00,173.50,182.00,182.00,177.52,66,0.12,7,35,53.03
AHLEAST,EQ,2016-06-23,182.00,181.90,186.90,175.30,176.00,176.00,180.18,723,1.30,16,686,94.88
AHLEAST,EQ,2016-06-24,176.00,173.00,173.00,169.00,169.00,170.60,171.00,222,0.38,16,219,98.65
AHLEAST,EQ,2016-06-27,170.60,181.90,185.00,168.10,180.00,180.40,179.61,467,0.84,22,240,51.39
AHLEAST,EQ,2016-06-28,180.40,180.50,184.90,180.00,184.90,184.90,180.44,127,0.23,5,126,99.21
AHLEAST,EQ,2016-06-29,184.90,184.50,184.50,178.05,179.90,179.90,179.59,28,0.05,6,19,67.86
AHLEAST,EQ,2016-06-30,179.90,178.00,185.90,172.40,184.00,184.00,177.81,858,1.53,48,175,20.40
AHLEAST,EQ,2016-07-01,184.00,178.00,184.50,178.00,180.10,180.10,180.33,366,0.66,16,290,79.23
AHLEAST,EQ,2016-07-04,180.10,175.55,188.75,175.55,188.75,183.75,182.92,957,1.75,14,946,98.85
AHLEAST,EQ,2016-07-05,183.75,183.25,191.75,180.10,182.00,181.40,188.87,4422,8.35,38,2693,60.90
AHLEAST,EQ,2016-07-07,181.40,182.00,191.75,182.00,184.15,184.55,189.99,8715,16.56,71,7341,84.23
AHLEAST,EQ,2016-07-08,184.55,179.00,195.05,176.05,194.00,192.05,191.95,5249,10.08,71,4698,89.50
AHLEAST,EQ,2016-07-11,192.05,191.00,230.05,191.00,214.10,218.80,220.45,52521,115.78,941,39919,76.01
AHLEAST,EQ,2016-07-12,218.80,218.80,222.95,207.00,208.90,210.45,209.88,4974,10.44,143,4597,92.42
AHLEAST,EQ,2016-07-13,210.45,219.00,219.00,206.50,208.20,208.15,209.18,596,1.25,26,551,92.45
AHLEAST,EQ,2016-07-14,208.15,207.10,214.00,201.75,211.75,211.75,207.27,3371,6.99,182,2316,68.70
AHLEAST,EQ,2016-07-15,211.75,205.65,214.90,205.10,210.25,210.45,210.75,929,1.96,81,600,64.59
AHLEAST,EQ,2016-07-18,210.45,211.50,214.00,205.00,207.50,207.80,207.64,1099,2.28,75,617,56.14
AHLEAST,EQ,2016-07-19,207.80,219.00,219.00,205.20,205.60,210.70,207.41,1056,2.19,51,717,67.90
AHLEAST,EQ,2016-07-20,210.70,207.10,209.85,205.00,205.05,205.05,206.37,622,1.28,32,440,70.74
AHLEAST,EQ,2016-07-21,205.05,207.05,210.00,207.05,207.05,207.65,209.81,670,1.41,16,651,97.16
AHLEAST,EQ,2016-07-22,207.65,208.00,217.45,204.30,210.00,204.65,205.11,278,0.57,44,209,75.18
AHLEAST,EQ,2016-07-25,204.65,208.05,210.00,196.60,196.60,198.25,203.47,2106,4.29,52,1732,82.24
AHLEAST,EQ,2016-07-26,198.25,205.50,209.90,205.00,206.00,206.00,206.05,1031,2.12,27,865,83.90
AHLEAST,EQ,2016-07-27,206.00,203.05,213.50,203.05,213.50,209.10,207.29,644,1.33,19,632,98.14
AHLEAST,EQ,2016-07-28,209.10,210.05,210.05,202.00,206.00,204.60,205.29,1444,2.96,48,188,13.02
AHLEAST,EQ,2016-07-29,204.60,206.00,206.00,202.00,202.10,204.80,204.95,141,0.29,25,116,82.27
AHLEAST,EQ,2016-08-01,204.80,202.55,207.00,202.55,207.00,206.85,205.03,573,1.17,18,552,96.34
AHLEAST,EQ,2016-08-02,206.85,201.20,206.45,192.05,195.00,199.80,202.59,1172,2.37,62,947,80.80
AHLEAST,EQ,2016-08-03,199.80,200.00,201.50,198.00,198.00,198.00,199.73,62,0.12,7,61,98.39
AHLEAST,EQ,2016-08-04,198.00,200.00,200.00,195.00,195.00,195.50,198.16,316,0.63,17,314,99.37
AHLEAST,EQ,2016-08-05,195.50,205.90,205.90,195.05,195.50,198.30,195.37,383,0.75,41,202,52.74
AHLEAST,EQ,2016-08-08,198.30,196.50,203.80,196.50,200.00,200.05,199.18,1777,3.54,16,1302,73.27
AHLEAST,EQ,2016-08-09,200.05,204.70,204.70,200.00,204.60,204.40,200.78,296,0.59,17,288,97.30
AHLEAST,EQ,2016-08-10,204.40,197.00,209.00,191.50,205.00,201.20,200.18,396,0.79,19,243,61.36
AHLEAST,EQ,2016-08-11,201.20,202.00,202.00,198.00,198.00,198.00,200.09,222,0.44,16,218,98.20
AHLEAST,EQ,2016-08-12,198.00,198.00,206.00,198.00,205.40,205.40,202.19,232,0.47,10,18,7.76
AHLEAST,EQ,2016-08-16,205.40,205.00,205.00,192.00,192.00,194.45,195.67,809,1.58,25,175,21.63
AHLEAST,EQ,2016-08-17,194.45,199.90,199.90,192.50,195.00,195.00,195.20,872,1.70,29,323,37.04
AHLEAST,EQ,2016-08-18,195.00,195.25,201.70,195.00,200.00,199.95,198.44,667,1.32,16,134,20.09
AHLEAST,EQ,2016-08-19,199.95,196.05,207.00,196.05,202.85,203.85,202.98,2072,4.21,35,425,20.51
AHLEAST,EQ,2016-08-22,203.85,196.10,211.00,196.10,199.00,199.00,202.43,5809,11.76,24,555,9.55
AHLEAST,EQ,2016-08-23,199.00,196.05,207.00,188.20,188.20,190.05,199.14,3187,6.35,72,666,20.90
AHLEAST,EQ,2016-08-24,190.05,185.10,196.90,185.10,190.10,190.10,190.47,1949,3.71,23,1544,79.22
AHLEAST,EQ,2016-08-25,190.10,186.10,194.50,186.10,190.00,190.05,190.21,906,1.72,19,557,61.48
AHLEAST,EQ,2016-08-26,190.05,197.70,199.90,190.00,190.05,190.00,191.27,92,0.18,12,70,76.09
AHLEAST,EQ,2016-08-29,190.00,190.15,190.15,190.00,190.00,190.00,190.02,55,0.10,7,55,100.00
AHLEAST,EQ,2016-08-30,190.00,210.90,224.20,187.00,191.30,193.75,196.37,1137,2.23,43,630,55.41
AHLEAST,EQ,2016-08-31,193.75,189.10,193.95,189.10,190.00,190.05,190.42,607,1.16,35,454,74.79
AHLEAST,EQ,2016-09-01,190.05,190.00,194.40,190.00,190.00,191.05,190.15,1297,2.47,14,1145,88.28
AHLEAST,EQ,2016-09-02,191.05,186.00,193.00,184.00,189.00,188.65,186.96,1896,3.54,100,1144,60.34
AHLEAST,EQ,2016-09-06,188.65,185.00,202.00,171.90,200.00,198.90,189.85,4537,8.61,80,2440,53.78
AHLEAST,EQ,2016-09-07,198.90,209.50,209.70,193.50,200.00,198.00,197.77,1530,3.03,53,1024,66.93
AHLEAST,EQ,2016-09-08,198.00,195.00,198.90,185.25,193.00,193.75,192.94,3796,7.32,70,2867,75.53
AHLEAST,EQ,2016-09-09,193.75,191.10,201.45,190.00,193.00,193.00,196.04,1766,3.46,36,980,55.49
AHLEAST,EQ,2016-09-12,193.00,193.00,199.90,186.15,193.00,193.00,192.27,1537,2.96,36,1215,79.05
AHLEAST,EQ,2016-09-14,193.00,190.00,204.85,186.00,200.00,200.00,196.80,13569,26.70,151,11691,86.16
AHLEAST,EQ,2016-09-15,200.00,196.10,210.00,196.10,209.00,206.25,205.24,4085,8.38,48,2069,50.65
AHLEAST,EQ,2016-09-16,206.25,201.00,210.50,196.55,197.00,198.25,202.55,1280,2.59,71,499,38.98
AHLEAST,EQ,2016-09-19,198.25,196.00,199.80,196.00,199.80,199.80,196.43,108,0.21,5,106,98.15
AHLEAST,EQ,2016-09-20,199.80,197.60,197.60,197.60,197.60,197.60,197.60,162,0.32,3,162,100.00
AHLEAST,EQ,2016-09-21,197.60,198.00,200.00,192.00,195.25,195.35,194.15,3243,6.30,54,1914,59.02
AHLEAST,EQ,2016-09-22,195.35,194.50,202.85,194.25,194.50,194.50,196.05,990,1.94,36,706,71.31
AHLEAST,EQ,2016-09-23,194.50,194.15,201.00,194.15,200.00,200.05,198.18,1222,2.42,41,1072,87.73
AHLEAST,EQ,2016-09-26,200.05,199.90,220.00,199.90,200.00,200.70,203.20,3650,7.42,90,2520,69.04
AHLEAST,EQ,2016-09-27,200.70,192.70,200.05,192.70,200.00,200.00,199.20,818,1.63,18,694,84.84
AHLEAST,EQ,2016-09-28,200.00,200.00,200.20,200.00,200.00,200.00,200.00,2163,4.33,12,2162,99.95
AHLEAST,EQ,2016-09-29,200.00,206.00,206.00,195.00,195.00,195.00,195.05,4975,9.70,25,4914,98.77
AHLEAST,EQ,2016-09-30,195.00,195.00,195.00,192.55,192.60,194.00,194.09,1108,2.15,10,1106,99.82
AHLEAST,EQ,2016-10-03,194.00,192.60,196.00,192.60,193.25,193.25,194.45,215,0.42,12,195,90.70
AHLEAST,EQ,2016-10-04,193.25,199.90,200.00,196.25,196.25,197.75,198.37,8818,17.49,46,3592,40.73
AHLEAST,EQ,2016-10-05,197.75,195.05,195.50,195.00,195.25,195.25,195.25,1846,3.60,13,1816,98.37
AHLEAST,EQ,2016-10-06,195.25,200.00,204.00,196.05,202.90,202.80,200.78,622,1.25,11,517,83.12
AHLEAST,EQ,2016-10-07,202.80,196.30,209.00,196.30,206.10,208.55,207.69,7872,16.35,48,7319,92.98
AHLEAST,EQ,2016-10-10,208.55,209.00,209.80,206.00,206.00,206.00,207.97,363,0.75,10,107,29.48
AHLEAST,EQ,2016-10-13,206.00,201.10,209.90,201.00,209.90,208.80,205.46,1416,2.91,19,1201,84.82
AHLEAST,EQ,2016-10-14,208.80,205.05,206.00,205.05,206.00,206.00,205.88,368,0.76,7,368,100.00
AHLEAST,EQ,2016-10-17,206.00,205.00,209.00,205.00,207.00,207.00,207.51,1540,3.20,16,1340,87.01
AHLEAST,EQ,2016-10-18,207.00,203.65,206.00,202.25,204.00,203.85,203.75,2022,4.12,65,1711,84.62
AHLEAST,EQ,2016-10-19,203.85,202.50,209.00,202.50,209.00,208.10,206.16,1261,2.60,50,991,78.59
AHLEAST,EQ,2016-10-20,208.10,208.10,214.95,205.30,214.80,214.85,209.98,979,2.06,31,926,94.59
AHLEAST,EQ,2016-10-21,214.85,214.00,214.95,207.35,208.35,209.30,211.22,474,1.00,22,256,54.01
AHLEAST,EQ,2016-10-24,209.30,207.10,212.90,207.10,210.00,210.00,210.60,444,0.94,21,321,72.30
AHLEAST,EQ,2016-10-25,210.00,210.00,216.40,208.15,216.40,216.40,211.74,259,0.55,11,196,75.68
AHLEAST,EQ,2016-10-26,216.40,213.00,216.00,212.00,215.95,215.95,214.24,2314,4.96,9,284,12.27
AHLEAST,EQ,2016-10-27,215.95,211.00,211.00,208.50,208.60,209.00,209.06,55,0.11,5,53,96.36
AHLEAST,EQ,2016-10-28,209.00,210.00,210.00,206.00,206.60,206.60,206.76,3610,7.46,9,3610,100.00
AHLEAST,EQ,2016-10-30,206.60,200.00,219.00,200.00,218.00,218.00,217.34,673,1.46,15,662,98.37
AHLEAST,EQ,2016-11-01,218.00,215.15,222.00,215.15,217.40,218.00,219.35,1497,3.28,44,1202,80.29
AHLEAST,EQ,2016-11-02,218.00,215.60,221.40,215.60,218.55,218.55,218.13,436,0.95,22,346,79.36
AHLEAST,EQ,2016-11-03,218.55,217.30,223.00,217.00,218.00,218.00,220.03,320,0.70,8,90,28.12
AHLEAST,EQ,2016-11-04,218.00,212.00,220.00,207.00,210.00,210.00,210.21,2334,4.91,37,2072,88.77
AHLEAST,EQ,2016-11-07,210.00,208.00,215.00,208.00,209.00,209.15,208.20,1219,2.54,12,1151,94.42
AHLEAST,EQ,2016-11-08,209.15,211.10,216.25,211.10,216.00,215.95,211.40,100,0.21,8,94,94.00
AHLEAST,EQ,2016-11-09,215.95,209.00,209.90,193.20,205.00,204.45,200.98,1097,2.20,54,503,45.85
AHLEAST,EQ,2016-11-10,204.45,215.00,215.00,195.50,208.00,208.00,206.61,8329,17.21,30,8180,98.21
AHLEAST,EQ,2016-11-11,208.00,204.90,209.00,197.00,200.20,200.55,203.52,14177,28.85,109,13873,97.86
AHLEAST,EQ,2016-11-15,200.55,200.20,200.20,195.00,197.00,196.00,196.01,2447,4.80,15,2446,99.96
AHLEAST,EQ,2016-11-16,196.00,191.00,192.00,190.00,190.00,190.00,190.38,4067,7.74,47,2297,56.48
AHLEAST,EQ,2016-11-17,190.00,197.60,197.60,185.55,190.00,190.00,189.82,330,0.63,18,322,97.58
AHLEAST,EQ,2016-11-18,190.00,185.10,195.00,185.10,188.00,191.50,186.54,193,0.36,9,172,89.12
AHLEAST,EQ,2016-11-21,191.50,185.50,185.50,181.25,183.00,183.30,184.19,4121,7.59,16,4112,99.78
AHLEAST,EQ,2016-11-22,183.30,189.90,189.90,184.05,184.05,184.15,184.67,311,0.57,10,285,91.64
AHLEAST,EQ,2016-11-23,184.15,185.00,185.00,185.00,185.00,185.00,185.00,2,0.00,2,1,50.00
AHLEAST,EQ,2016-11-24,185.00,187.00,190.30,183.00,186.00,186.00,187.40,2024,3.79,29,1371,67.74
AHLEAST,EQ,2016-11-25,186.00,181.05,188.40,181.05,186.00,186.75,186.70,3412,6.37,21,3261,95.57
AHLEAST,EQ,2016-11-28,186.75,184.10,186.00,184.10,186.00,186.00,184.14,4906,9.03,3,4906,100.00
AHLEAST,EQ,2016-11-29,186.00,186.05,187.30,186.05,187.25,187.25,187.06,83,0.16,4,49,59.04
AHLEAST,EQ,2016-11-30,187.25,192.90,193.35,192.90,193.35,193.35,193.28,746,1.44,12,726,97.32
AHLEAST,EQ,2016-12-01,193.35,191.00,193.95,188.45,190.00,190.00,190.64,6190,11.80,49,5185,83.76
AHLEAST,EQ,2016-12-02,190.00,190.00,190.00,186.25,187.05,187.10,187.81,1088,2.04,16,787,72.33
AHLEAST,EQ,2016-12-05,187.10,187.00,194.00,187.00,194.00,193.90,193.60,818,1.58,10,816,99.76
AHLEAST,EQ,2016-12-07,193.90,191.00,194.95,184.00,184.75,185.40,187.17,11981,22.43,60,11302,94.33
AHLEAST,EQ,2016-12-08,185.40,184.20,189.00,182.25,188.65,188.65,183.74,6254,11.49,37,5001,79.96
AHLEAST,EQ,2016-12-09,188.65,190.00,190.00,184.50,185.25,185.25,186.63,29,0.05,5,20,68.97
AHLEAST,EQ,2016-12-12,185.25,186.00,192.75,186.00,186.10,186.10,189.54,328,0.62,14,199,60.67
AHLEAST,EQ,2016-12-13,186.10,195.00,200.00,195.00,200.00,196.95,196.92,2629,5.18,19,2577,98.02
AHLEAST,EQ,2016-12-14,196.95,192.55,196.40,192.55,194.10,194.10,194.47,142,0.28,21,72,50.70
AHLEAST,EQ,2016-12-15,194.10,195.00,197.20,195.00,195.10,195.10,196.45,106,0.21,6,88,83.02
AHLEAST,EQ,2016-12-16,195.10,196.10,196.10,196.10,196.10,196.10,196.10,17,0.03,2,17,100.00
AHLEAST,EQ,2016-12-19,196.10,197.00,204.00,197.00,197.10,197.10,198.08,186,0.37,9,155,83.33
AHLEAST,EQ,2016-12-20,197.10,210.00,210.00,190.10,190.20,196.25,199.17,354,0.71,24,233,65.82
AHLEAST,EQ,2016-12-21,196.25,203.00,203.00,196.00,196.00,198.65,200.22,304,0.61,9,264,86.84
AHLEAST,EQ,2016-12-22,198.65,200.00,200.00,197.00,197.00,197.00,199.99,502,1.00,6,502,100.00
AHLEAST,EQ,2016-12-23,197.00,197.00,200.00,197.00,200.00,199.20,198.49,41,0.08,6,27,65.85
AHLEAST,EQ,2016-12-26,199.20,195.20,200.00,190.00,196.00,196.00,198.63,1227,2.44,20,1022,83.29
AHLEAST,EQ,2016-12-27,196.00,192.90,203.00,185.25,187.00,187.05,189.76,4189,7.95,95,2220,53.00
AHLEAST,EQ,2016-12-28,187.05,187.15,192.00,187.15,187.50,188.20,187.94,25,0.05,7,15,60.00
AHLEAST,EQ,2016-12-29,188.20,188.05,190.00,188.05,190.00,190.00,189.49,135,0.26,3,100,74.07
AHLEAST,EQ,2016-12-30,190.00,188.05,190.00,188.00,190.00,190.00,189.57,555,1.05,8,505,90.99
AHLEAST,EQ,2017-01-02,190.00,187.00,187.00,187.00,187.00,187.00,187.00,8,0.01,2,8,100.00
AHLEAST,EQ,2017-01-03,187.00,190.00,192.95,190.00,190.00,190.00,190.04,155,0.29,4,155,100.00
AHLEAST,EQ,2017-01-04,190.00,187.55,190.00,187.25,189.60,188.00,187.97,582,1.09,42,280,48.11
AHLEAST,EQ,2017-01-05,188.00,190.00,190.00,190.00,190.00,190.00,190.00,25,0.05,1,25,100.00
AHLEAST,EQ,2017-01-06,190.00,193.35,193.65,191.25,191.30,191.30,193.30,273,0.53,8,253,92.67
AHLEAST,EQ,2017-01-09,191.30,193.50,193.50,193.50,193.50,193.50,193.50,65,0.13,5,65,100.00
AHLEAST,EQ,2017-01-10,193.50,193.00,193.50,188.60,190.00,189.75,190.80,757,1.44,37,627,82.83
AHLEAST,EQ,2017-01-11,189.75,185.05,206.00,185.05,196.50,196.50,199.67,545,1.09,30,535,98.17
AHLEAST,EQ,2017-01-12,196.50,190.45,204.20,190.45,193.00,193.95,193.42,2959,5.72,111,1648,55.69
AHLEAST,EQ,2017-01-13,193.95,199.75,204.00,192.00,204.00,200.15,198.49,1264,2.51,31,730,57.75
AHLEAST,EQ,2017-01-16,200.15,203.90,203.95,200.00,200.10,200.10,201.30,204,0.41,9,174,85.29
AHLEAST,EQ,2017-01-17,200.10,198.95,200.10,198.00,200.10,200.05,198.72,370,0.74,10,345,93.24
AHLEAST,EQ,2017-01-18,200.05,194.20,218.40,194.20,208.35,207.30,204.38,2045,4.18,78,1147,56.09
AHLEAST,EQ,2017-01-19,207.30,214.10,214.10,199.10,207.00,206.95,204.80,612,1.25,26,222,36.27
AHLEAST,EQ,2017-01-20,206.95,201.05,213.40,201.05,208.00,208.00,207.61,456,0.95,20,252,55.26
AHLEAST,EQ,2017-01-23,208.00,215.00,219.60,201.00,201.05,201.85,207.58,564,1.17,24,350,62.06
AHLEAST,EQ,2017-01-24,201.85,198.15,209.60,198.15,203.50,203.50,203.41,1269,2.58,23,59,4.65
AHLEAST,EQ,2017-01-25,203.50,201.05,202.10,196.65,196.65,200.20,200.94,701,1.41,23,513,73.18
AHLEAST,EQ,2017-01-27,200.20,206.90,207.95,202.20,202.20,202.30,206.83,530,1.10,7,510,96.23
AHLEAST,EQ,2017-01-30,202.30,199.00,211.00,199.00,208.75,208.75,208.38,62,0.13,8,60,96.77
AHLEAST,EQ,2017-01-31,208.75,203.00,207.80,201.00,204.15,204.15,202.36,2311,4.68,25,1457,63.05
AHLEAST,EQ,2017-02-01,204.15,207.95,207.95,202.10,202.10,202.10,202.16,101,0.20,3,100,99.01
AHLEAST,EQ,2017-02-02,202.10,202.10,205.85,202.10,202.25,202.25,203.69,333,0.68,12,333,100.00
AHLEAST,EQ,2017-02-03,202.25,202.00,202.00,201.35,201.50,201.50,201.51,40,0.08,3,20,50.00
AHLEAST,EQ,2017-02-06,201.50,200.25,204.80,200.25,204.80,203.10,202.18,899,1.82,22,731,81.31
AHLEAST,EQ,2017-02-07,203.10,201.90,203.00,201.90,203.00,203.00,202.87,335,0.68,6,290,86.57
AHLEAST,EQ,2017-02-08,203.00,204.10,209.00,204.10,209.00,208.55,208.28,363,0.76,12,363,100.00
AHLEAST,EQ,2017-02-09,208.55,202.30,211.80,202.30,205.05,205.75,206.19,2570,5.30,41,2395,93.19
AHLEAST,EQ,2017-02-10,205.75,205.00,208.00,205.00,205.10,205.10,205.20,1456,2.99,9,1456,100.00
AHLEAST,EQ,2017-02-13,205.10,211.90,242.60,211.90,228.40,227.85,228.92,15583,35.67,614,6806,43.68
AHLEAST,EQ,2017-02-14,227.85,225.00,225.00,207.30,210.05,214.20,216.41,506,1.10,90,232,45.85
AHLEAST,EQ,2017-02-15,214.20,214.20,225.00,211.00,220.00,219.95,217.55,2618,5.70,63,2437,93.09
AHLEAST,EQ,2017-02-16,219.95,220.00,225.00,216.00,219.90,218.55,219.76,2736,6.01,41,2375,86.81
AHLEAST,EQ,2017-02-17,218.55,219.20,226.55,219.05,220.00,220.00,221.78,1860,4.13,92,1734,93.23
AHLEAST,EQ,2017-02-20,220.00,196.90,229.90,196.90,224.50,223.35,221.94,2321,5.15,70,2077,89.49
AHLEAST,EQ,2017-02-21,223.35,216.00,225.00,211.00,221.30,221.45,223.19,580,1.29,43,471,81.21
AHLEAST,EQ,2017-02-22,221.45,221.30,223.90,221.00,221.00,221.05,221.10,235,0.52,7,165,70.21
